{
  "admm100": {
    "PSNR": 11.686093051910401,
    "SSIM": 0.27878678476810453,
    "MSE": 0.08619747643669447,
    "LPIPS": 0.7521949059168498,
    "sec_per_image": 0.9518802165985107
  },
  "fista": {
    "PSNR": 10.98191274134318,
    "SSIM": 0.26468911918004356,
    "MSE": 0.10328755580385526,
    "LPIPS": 0.7711465083758037,
    "sec_per_image": 0.24502625465393066
  },
  "admm100_sr": {
    "PSNR": 11.390475234985352,
    "SSIM": 0.29869809198379516,
    "MSE": 0.09225463257730007,
    "LPIPS": 0.7540656270980834,
    "sec_per_image": 1.128688383102417
  },
  "leadmm20": {
    "PSNR": 12.232373957316081,
    "SSIM": 0.2828844223022461,
    "MSE": 0.0724694192657868,
    "LPIPS": 0.7757686826388042,
    "sec_per_image": 0.1919011116027832
  },
  "modular_pre": {
    "PSNR": 13.542339998881022,
    "SSIM": 0.3218872498869896,
    "MSE": 0.05066302882134915,
    "LPIPS": 0.7860811820030212,
    "sec_per_image": 0.10205373764038086
  },
  "modular_post": {
    "PSNR": 14.733772201538086,
    "SSIM": 0.3881776974995931,
    "MSE": 0.03903673931459586,
    "LPIPS": 0.7398426160812378,
    "sec_per_image": 0.10270934104919434
  },
  "modular_prepost_12ep": {
    "PSNR": 16.024283663431802,
    "SSIM": 0.3857565811475118,
    "MSE": 0.03021552050113678,
    "LPIPS": 0.5725086815357209,
    "sec_per_image": 0.10511670112609864
  },
  "modular_prepost": {
    "PSNR": 17.52932736714681,
    "SSIM": 0.4647629828850428,
    "MSE": 0.022430615477263927,
    "LPIPS": 0.6349286896387736,
    "sec_per_image": 0.10511670112609864
  }
}